{
  "dataset": "narrativeqa",
  "seed": 224,
  "n_examples_total": 250,
  "n_examples_analyzed": 250,
  "overlap_recall": {
    "mean": 0.845018208026886,
    "std": 0.1134575679898262,
    "median": 0.8571428656578064,
    "min": 0.3333333432674408,
    "max": 1.0
  },
  "raptor_leaf_token_frac": {
    "mean": 0.7014090418815613,
    "std": 0.17465022206306458,
    "median": 0.7382196187973022,
    "min": 0.0,
    "max": 1.0
  },
  "raptor_summary_token_frac": {
    "mean": 0.29859092831611633,
    "std": 0.17465023696422577,
    "median": 0.26178038120269775,
    "min": 0.0,
    "max": 1.0
  },
  "baseline_context_tokens": {
    "mean": 1952.3759765625,
    "std": 28.848615646362305,
    "median": 1955.5,
    "min": 1902.0,
    "max": 1999.0
  },
  "raptor_context_tokens": {
    "mean": 1949.968017578125,
    "std": 26.677310943603516,
    "median": 1947.0,
    "min": 1903.0,
    "max": 2000.0
  },
  "tree_stats": {
    "num_docs_with_meta": 50,
    "layers_actual": {
      "mean": 2.740000009536743,
      "std": 0.5219195485115051,
      "median": 3.0,
      "min": 2.0,
      "max": 4.0
    },
    "num_nodes": {
      "mean": 806.8599853515625,
      "std": 707.8080444335938,
      "median": 527.5,
      "min": 134.0,
      "max": 3559.0
    },
    "num_leaves": {
      "mean": 678.2000122070312,
      "std": 616.8986206054688,
      "median": 428.0,
      "min": 109.0,
      "max": 3097.0
    },
    "avg_cluster_size": {
      "mean": 4.901007175445557,
      "std": 0.8042576313018799,
      "median": 4.77091121673584,
      "min": 3.799999952316284,
      "max": 8.037161827087402
    }
  },
  "embedding_stats": {
    "num_docs_with_embs": 50,
    "intra_doc_mean_cosine": {
      "mean": 0.28956884145736694,
      "std": 0.049825288355350494,
      "median": 0.284824013710022,
      "min": 0.18295951187610626,
      "max": 0.4307199716567993
    },
    "intra_doc_std_cosine": {
      "mean": 0.1459895372390747,
      "std": 0.032274939119815826,
      "median": 0.13272742927074432,
      "min": 0.10766974836587906,
      "max": 0.22362159192562103
    }
  }
}