{
  "dataset": "qasper",
  "seed": 224,
  "n_examples_total": 174,
  "n_examples_analyzed": 174,
  "overlap_recall": {
    "mean": 0.7367144823074341,
    "std": 0.2823062837123871,
    "median": 0.8722826242446899,
    "min": 0.0416666679084301,
    "max": 1.0
  },
  "raptor_leaf_token_frac": {
    "mean": 0.7807754874229431,
    "std": 0.06458832323551178,
    "median": 0.7934951186180115,
    "min": 0.5290423631668091,
    "max": 0.9493414163589478
  },
  "raptor_summary_token_frac": {
    "mean": 0.2192244678735733,
    "std": 0.06458832323551178,
    "median": 0.2065049111843109,
    "min": 0.050658561289310455,
    "max": 0.47095760703086853
  },
  "baseline_context_tokens": {
    "mean": 1940.6954345703125,
    "std": 93.71541595458984,
    "median": 1953.0,
    "min": 1276.0,
    "max": 2000.0
  },
  "raptor_context_tokens": {
    "mean": 1930.1436767578125,
    "std": 86.69153594970703,
    "median": 1951.0,
    "min": 1576.0,
    "max": 2000.0
  },
  "tree_stats": {
    "num_docs_with_meta": 29,
    "layers_actual": {
      "mean": 1.137930989265442,
      "std": 0.3448275923728943,
      "median": 1.0,
      "min": 1.0,
      "max": 2.0
    },
    "num_nodes": {
      "mean": 63.24137878417969,
      "std": 42.396854400634766,
      "median": 54.0,
      "min": 18.0,
      "max": 255.0
    },
    "num_leaves": {
      "mean": 53.344825744628906,
      "std": 34.31524658203125,
      "median": 47.0,
      "min": 15.0,
      "max": 206.0
    },
    "avg_cluster_size": {
      "mean": 5.680721759796143,
      "std": 0.8791821002960205,
      "median": 5.666666507720947,
      "min": 3.722222328186035,
      "max": 7.800000190734863
    }
  },
  "embedding_stats": {
    "num_docs_with_embs": 50,
    "intra_doc_mean_cosine": {
      "mean": 0.3475603461265564,
      "std": 0.05758992210030556,
      "median": 0.34368830919265747,
      "min": 0.22522376477718353,
      "max": 0.5046433210372925
    },
    "intra_doc_std_cosine": {
      "mean": 0.15069980919361115,
      "std": 0.016844287514686584,
      "median": 0.14747688174247742,
      "min": 0.1206497922539711,
      "max": 0.18963196873664856
    }
  }
}