{
  "dataset": "quality",
  "seed": 224,
  "n_examples_total": 250,
  "n_examples_analyzed": 250,
  "overlap_recall": {
    "mean": 0.9083723425865173,
    "std": 0.05577079951763153,
    "median": 0.9047619104385376,
    "min": 0.75,
    "max": 1.0
  },
  "raptor_leaf_token_frac": {
    "mean": 0.7819234728813171,
    "std": 0.09683236479759216,
    "median": 0.7927461266517639,
    "min": 0.3811242878437042,
    "max": 1.0
  },
  "raptor_summary_token_frac": {
    "mean": 0.21807655692100525,
    "std": 0.09683236479759216,
    "median": 0.20725388824939728,
    "min": 0.0,
    "max": 0.6188756823539734
  },
  "baseline_context_tokens": {
    "mean": 1960.0400390625,
    "std": 25.007648468017578,
    "median": 1962.5,
    "min": 1905.0,
    "max": 2000.0
  },
  "raptor_context_tokens": {
    "mean": 1951.2359619140625,
    "std": 29.69020652770996,
    "median": 1953.5,
    "min": 1901.0,
    "max": 2000.0
  },
  "tree_stats": {
    "num_docs_with_meta": 50,
    "layers_actual": {
      "mean": 1.3600000143051147,
      "std": 0.48000001907348633,
      "median": 1.0,
      "min": 1.0,
      "max": 2.0
    },
    "num_nodes": {
      "mean": 74.31999969482422,
      "std": 21.901086807250977,
      "median": 82.0,
      "min": 34.0,
      "max": 105.0
    },
    "num_leaves": {
      "mean": 62.400001525878906,
      "std": 17.833675384521484,
      "median": 70.5,
      "min": 28.0,
      "max": 87.0
    },
    "avg_cluster_size": {
      "mean": 5.518683910369873,
      "std": 1.160169243812561,
      "median": 5.387499809265137,
      "min": 3.5714285373687744,
      "max": 7.875
    }
  },
  "embedding_stats": {
    "num_docs_with_embs": 50,
    "intra_doc_mean_cosine": {
      "mean": 0.3337095379829407,
      "std": 0.05506540462374687,
      "median": 0.3287826180458069,
      "min": 0.23105524480342865,
      "max": 0.47826138138771057
    },
    "intra_doc_std_cosine": {
      "mean": 0.13294681906700134,
      "std": 0.011315608397126198,
      "median": 0.13065388798713684,
      "min": 0.11228032410144806,
      "max": 0.16604873538017273
    }
  }
}