{
  "dataset": "quality",
  "seed": 224,
  "hard": {
    "n_questions": 127,
    "baseline_accuracy": 38.58267716535433,
    "raptor_accuracy": 43.30708661417323,
    "overlap_recall": {
      "mean": 0.9062674641609192,
      "std": 0.053777072578668594,
      "median": 0.9047619104385376,
      "min": 0.75,
      "max": 1.0,
      "n": 127
    },
    "baseline_context_tokens": {
      "mean": 1959.94482421875,
      "std": 23.721914291381836,
      "median": 1962.0,
      "min": 1906.0,
      "max": 2000.0,
      "n": 127
    },
    "raptor_context_tokens": {
      "mean": 1951.0079345703125,
      "std": 30.47097396850586,
      "median": 1953.0,
      "min": 1901.0,
      "max": 1999.0,
      "n": 127
    },
    "leaf_token_frac": {
      "mean": 0.7849843502044678,
      "std": 0.09838061779737473,
      "median": 0.7930677533149719,
      "min": 0.3811242878437042,
      "max": 1.0,
      "n": 127
    },
    "summary_token_frac": {
      "mean": 0.21501564979553223,
      "std": 0.09838061779737473,
      "median": 0.20693223178386688,
      "min": 0.0,
      "max": 0.6188756823539734,
      "n": 127
    },
    "tree_layers": {
      "mean": 1.3937008380889893,
      "std": 0.4885699152946472,
      "median": 1.0,
      "min": 1.0,
      "max": 2.0,
      "n": 127
    },
    "tree_num_nodes": {
      "mean": 77.79527282714844,
      "std": 20.349830627441406,
      "median": 83.0,
      "min": 34.0,
      "max": 105.0,
      "n": 127
    },
    "tree_num_leaves": {
      "mean": 65.26771545410156,
      "std": 16.36178207397461,
      "median": 71.0,
      "min": 28.0,
      "max": 87.0,
      "n": 127
    }
  },
  "easy": {
    "n_questions": 123,
    "baseline_accuracy": 59.34959349593496,
    "raptor_accuracy": 58.53658536585366,
    "overlap_recall": {
      "mean": 0.9105455279350281,
      "std": 0.05767665058374405,
      "median": 0.9047619104385376,
      "min": 0.761904776096344,
      "max": 1.0,
      "n": 123
    },
    "baseline_context_tokens": {
      "mean": 1960.13818359375,
      "std": 26.26888084411621,
      "median": 1963.0,
      "min": 1905.0,
      "max": 2000.0,
      "n": 123
    },
    "raptor_context_tokens": {
      "mean": 1951.4715576171875,
      "std": 28.860000610351562,
      "median": 1954.0,
      "min": 1902.0,
      "max": 2000.0,
      "n": 123
    },
    "leaf_token_frac": {
      "mean": 0.7787629961967468,
      "std": 0.09510402381420135,
      "median": 0.7925311326980591,
      "min": 0.3886907696723938,
      "max": 1.0,
      "n": 123
    },
    "summary_token_frac": {
      "mean": 0.22123701870441437,
      "std": 0.09510402381420135,
      "median": 0.2074688822031021,
      "min": 0.0,
      "max": 0.6113092303276062,
      "n": 123
    },
    "tree_layers": {
      "mean": 1.3252032995224,
      "std": 0.46845075488090515,
      "median": 1.0,
      "min": 1.0,
      "max": 2.0,
      "n": 123
    },
    "tree_num_nodes": {
      "mean": 70.73170471191406,
      "std": 22.84699058532715,
      "median": 80.0,
      "min": 34.0,
      "max": 102.0,
      "n": 123
    },
    "tree_num_leaves": {
      "mean": 59.43902587890625,
      "std": 18.781648635864258,
      "median": 68.0,
      "min": 28.0,
      "max": 86.0,
      "n": 123
    }
  }
}